institucion,slug,capital,saldo,cuotas,api_desg,api_cesantia,api_total,nuestro_desg,nuestro_cesantia,nuestro_total,error_desg_%,error_cesantia_%,error_total_%
Banco BCI,banco-bci,15000000,12000000,12,41457,72537,113994,53046,84062,137108,28.0,15.9,20.3
Banco BCI,banco-bci,50000000,40000000,36,560478,975810,1536288,530460,988352,1518812,5.4,1.3,1.1
Banco BCI,banco-bci,100000000,80000000,48,1549925,2713840,4263765,1414560,2698084,4112644,8.7,0.6,3.5
Banco BCI,banco-bci,30000000,15000000,24,251821,556110,807931,274392,563157,837549,9.0,1.3,3.7
Banco BCI,banco-bci,200000000,150000000,60,3178199,7469988,10648187,3709200,7379396,11088596,16.7,1.2,4.1
Banco de Chile,banco-de-chile,10000000,8000000,6,1502,28902,30404,14934,35027,49961,894.3,21.2,64.3
Banco de Chile,banco-de-chile,30000000,20000000,24,211372,644329,855701,206856,649615,856471,2.1,0.8,0.1
Banco de Chile,banco-de-chile,80000000,60000000,36,834212,2512119,3346331,758304,2509361,3267665,9.1,0.1,2.4
Banco de Chile,banco-de-chile,150000000,100000000,48,1852758,6954449,8807207,2068560,6934668,9003228,11.6,0.3,2.2
Banco de Chile,banco-de-chile,50000000,30000000,60,869982,3039585,3909567,919500,3040313,3959813,5.7,0.0,1.3
Banco Estado,banco-estado,20000000,15000000,12,31583,42939,74522,28464,97706,126170,9.9,127.5,69.3
Banco Estado,banco-estado,50000000,40000000,36,308826,759102,1067928,217980,774321,992301,29.4,2.0,7.1
Banco Estado,banco-estado,100000000,70000000,48,39024,2439491,2478515,557280,2431263,2988543,1328.0,0.3,20.6
Banco Estado,banco-estado,30000000,25000000,24,102245,122298,224543,88392,283054,371446,13.5,131.4,65.4
Banco Estado,banco-estado,80000000,50000000,60,230167,2678218,2908385,539280,2672665,3211945,134.3,0.2,10.4
Banco Itau,banco-itau,25000000,20000000,18,128899,621898,750797,144990,608444,753434,12.5,2.2,0.4
Banco Itau,banco-itau,60000000,45000000,36,599245,3289114,3888359,727056,3275237,4002293,21.3,0.4,2.9
Banco Itau,banco-itau,100000000,80000000,48,1682871,7216281,8899152,1546560,7215261,8761821,8.1,0.0,1.5
Banco Itau,banco-itau,40000000,30000000,30,419341,1797999,2217340,403920,1780222,2184142,3.7,1.0,1.5
Banco Itau,banco-itau,150000000,120000000,60,3198686,13658251,16856937,2899800,13659207,16559007,9.3,0.0,1.8
Banco Scotiabank,banco-scotiabank,15000000,10000000,12,51033,68880,119913,59958,79716,139674,17.5,15.7,16.5
Banco Scotiabank,banco-scotiabank,50000000,35000000,36,492438,870589,1363027,582300,884463,1466763,18.2,1.6,7.6
Banco Scotiabank,banco-scotiabank,100000000,60000000,48,1613285,2856020,4469305,1691040,2846797,4537837,4.8,0.3,1.5
Banco Scotiabank,banco-scotiabank,30000000,20000000,24,190621,344409,535030,239832,360669,600501,25.8,4.7,12.2
Banco Scotiabank,banco-scotiabank,80000000,70000000,60,1419486,1685936,3105422,1310880,1659982,2970862,7.7,1.5,4.3
Santander,santander,20000000,18000000,12,49030,99633,148663,63816,114620,178436,30.2,15.0,20.0
Santander,santander,50000000,30000000,36,584238,1445185,2029423,634140,1451665,2085805,8.5,0.4,2.8
Santander,santander,100000000,70000000,48,1368485,3540507,4908992,1552800,3530558,5083358,13.5,0.3,3.6
Santander,santander,35000000,25000000,24,271923,562311,834234,268284,572987,841271,1.3,1.9,0.8
Santander,santander,120000000,100000000,60,2258923,4514170,6773093,2052720,4465416,6518136,9.1,1.1,3.8
Security,banco-security,15000000,12000000,12,0,0,0,69552,97905,167457,100.0,100.0,0.0
Security,banco-security,40000000,30000000,24,0,0,0,384768,636810,1021578,100.0,100.0,0.0
Security,banco-security,80000000,60000000,36,0,0,0,1154304,1983894,3138198,100.0,100.0,0.0
Security,banco-security,100000000,80000000,48,0,0,0,1854720,3142380,4997100,100.0,100.0,0.0
Security,banco-security,150000000,100000000,60,0,0,0,3823200,7040061,10863261,100.0,100.0,0.0
Coopeuch,coopeuch,10000000,8000000,6,0,0,0,14178,14230,28408,100.0,100.0,0.0
Coopeuch,coopeuch,30000000,20000000,24,186658,159595,346253,208440,290564,499004,11.7,82.1,44.1
Coopeuch,coopeuch,50000000,40000000,36,415296,582428,997724,425340,600019,1025359,2.4,3.0,2.8
Coopeuch,coopeuch,80000000,60000000,48,1000617,1432796,2433413,984000,1429951,2413951,1.7,0.2,0.8
Coopeuch,coopeuch,100000000,70000000,60,1708834,2478754,4187588,1657200,2460021,4117221,3.0,0.8,1.7
Oriencoop,oriencoop,15000000,12000000,12,56794,103652,160446,75024,111763,186787,32.1,7.8,16.4
Oriencoop,oriencoop,40000000,30000000,24,401711,712336,1114047,428688,721144,1149832,6.7,1.2,3.2
Oriencoop,oriencoop,70000000,50000000,36,1172865,2040972,3213837,1178856,2040297,3219153,0.5,0.0,0.2
Oriencoop,oriencoop,100000000,80000000,48,2038115,3600147,5638262,2000640,3587162,5587802,1.8,0.4,0.9
Oriencoop,oriencoop,50000000,35000000,60,1456376,2494043,3950419,1428900,2495718,3924618,1.9,0.1,0.7
Detacoop,detacoop,20000000,15000000,12,228217,159931,388148,268404,166337,434741,17.6,4.0,12.0
Detacoop,detacoop,50000000,35000000,24,1337499,971256,2308755,1377720,976641,2354361,3.0,0.6,2.0
Detacoop,detacoop,80000000,60000000,36,3216905,2288740,5505645,3220848,2285307,5506155,0.1,0.1,0.0
Detacoop,detacoop,100000000,70000000,48,5571470,4093189,9664659,5510880,4084958,9595838,1.1,0.2,0.7
Detacoop,detacoop,150000000,120000000,60,9989061,6964651,16953712,9797400,6914815,16712215,1.9,0.7,1.4
Amicar,amicar,10000000,8000000,12,32458,0,32458,47820,4167,51987,47.3,100.0,60.2
Amicar,amicar,25000000,20000000,24,214880,0,214880,239100,24151,263251,11.3,100.0,22.5
Amicar,amicar,50000000,35000000,36,814348,212223,1026571,824400,234517,1058917,1.2,10.5,3.2
Amicar,amicar,80000000,60000000,48,1669830,343339,2013169,1644480,337487,1981967,1.5,1.7,1.5
Amicar,amicar,30000000,20000000,60,868152,247702,1115854,860100,287128,1147228,0.9,15.9,2.8
Tanner,tanner,15000000,12000000,12,13233,108475,121708,28818,116055,144873,117.8,7.0,19.0
Tanner,tanner,40000000,30000000,24,158825,739227,898052,182256,747263,929519,14.8,1.1,3.5
Tanner,tanner,70000000,50000000,36,526049,2112583,2638632,531972,2111311,2643283,1.1,0.1,0.2
Tanner,tanner,100000000,80000000,48,797285,3737525,4534810,768480,3724913,4493393,3.6,0.3,0.9
Tanner,tanner,50000000,30000000,60,856057,2847662,3703719,837300,2849676,3686976,2.2,0.1,0.5
Santander Consumer,santander-consumer,10000000,8000000,6,6708,25649,32357,23910,32360,56270,256.4,26.2,73.9
Santander Consumer,santander-consumer,30000000,22000000,24,290414,556656,847070,315480,565708,881188,8.6,1.6,4.0
Santander Consumer,santander-consumer,60000000,45000000,36,916956,1734776,2651732,925020,1736942,2661962,0.9,0.1,0.4
Santander Consumer,santander-consumer,100000000,75000000,48,2092285,3951439,6043724,2055600,3941071,5996671,1.8,0.3,0.8
Santander Consumer,santander-consumer,50000000,35000000,60,1400746,2580269,3981015,1374000,2581248,3955248,1.9,0.0,0.6
Caja Los Andes,caja-los-andes,15000000,12000000,12,93611,0,93611,93600,0,93600,0.0,0.0,0.0
Caja Los Andes,caja-los-andes,30000000,20000000,24,411927,0,411927,411888,0,411888,0.0,0.0,0.0
Caja Los Andes,caja-los-andes,50000000,40000000,36,936108,0,936108,936000,0,936000,0.0,0.0,0.0
Caja Los Andes,caja-los-andes,80000000,60000000,48,2071998,0,2071998,2071776,0,2071776,0.0,0.0,0.0
Caja Los Andes,caja-los-andes,100000000,70000000,60,3354635,0,3354635,3354300,0,3354300,0.0,0.0,0.0
Caja Los Heroes,caja-los-heroes,20000000,15000000,12,315559,0,315559,315552,0,315552,0.0,0.0,0.0
Caja Los Heroes,caja-los-heroes,40000000,30000000,24,1262235,0,1262235,1262208,0,1262208,0.0,0.0,0.0
Caja Los Heroes,caja-los-heroes,70000000,50000000,36,3368771,0,3368771,3368700,0,3368700,0.0,0.0,0.0
Caja Los Heroes,caja-los-heroes,100000000,80000000,48,6163426,0,6163426,6163296,0,6163296,0.0,0.0,0.0
Caja Los Heroes,caja-los-heroes,50000000,30000000,60,4221509,0,4221509,4221420,0,4221420,0.0,0.0,0.0
Caja La Araucana,caja-la-araucana,10000000,8000000,12,83404,0,83404,83402,0,83402,0.0,0.0,0.0
Caja La Araucana,caja-la-araucana,30000000,25000000,24,485650,0,485650,485640,0,485640,0.0,0.0,0.0
Caja La Araucana,caja-la-araucana,50000000,35000000,36,1361873,0,1361873,1361844,0,1361844,0.0,0.0,0.0
Caja La Araucana,caja-la-araucana,80000000,60000000,48,2787131,0,2787131,2787072,0,2787072,0.0,0.0,0.0
Caja La Araucana,caja-la-araucana,100000000,80000000,60,4170208,0,4170208,4170120,0,4170120,0.0,0.0,0.0
Banco Falabella,banco-falabella,20000000,15000000,12,65468,133795,199263,76392,144398,220790,16.7,7.9,10.8
Banco Falabella,banco-falabella,50000000,40000000,36,576978,1140814,1717792,547020,1151105,1698125,5.2,0.9,1.1
Banco Falabella,banco-falabella,100000000,70000000,48,1412801,3584822,4997623,1596960,3574696,5171656,13.0,0.3,3.5
Banco Falabella,banco-falabella,30000000,20000000,24,197127,514212,711339,246456,524219,770675,25.0,1.9,8.3
Banco Falabella,banco-falabella,80000000,65000000,60,1583689,3114881,4698570,1441440,3092168,4533608,9.0,0.7,3.5
Consorcio,consorcio,25000000,20000000,18,199138,254834,453972,228465,264989,493454,14.7,4.0,8.7
Consorcio,consorcio,50000000,35000000,36,995700,1301249,2296949,1005660,1309469,2315129,1.0,0.6,0.8
Consorcio,consorcio,100000000,80000000,48,2475304,3156994,5632298,2436960,3142380,5579340,1.5,0.5,0.9
Consorcio,consorcio,70000000,50000000,24,893637,1173643,2067280,926376,1181980,2108356,3.7,0.7,2.0
Consorcio,consorcio,150000000,120000000,60,4694220,6014700,10708920,4569300,5948838,10518138,2.7,1.1,1.8
Banco BICE,banco-bice,15000000,12000000,12,27455,88094,115549,38196,97905,136101,39.1,11.1,17.8
Banco BICE,banco-bice,40000000,30000000,24,221874,625591,847465,217536,636810,854346,2.0,1.8,0.8
Banco BICE,banco-bice,80000000,60000000,36,728609,1984106,2712715,652608,1983894,2636502,10.4,0.0,2.8
Banco BICE,banco-bice,100000000,75000000,48,1246847,3370908,4617755,1087680,3358538,4446218,12.8,0.4,3.7
Banco BICE,banco-bice,60000000,45000000,60,938765,2515556,3454321,815760,2508944,3324704,13.1,0.3,3.8
Condell,condell,20000000,15000000,12,233844,154538,388382,274380,163522,437902,17.3,5.8,12.8
Condell,condell,50000000,35000000,36,2101380,1466253,3567633,2111400,1472400,3583800,0.5,0.4,0.5
Condell,condell,80000000,60000000,48,4435108,3037713,7472821,4390080,3026956,7417036,1.0,0.4,0.7
Condell,condell,100000000,70000000,24,2753816,1938558,4692374,2815200,1947090,4762290,2.2,0.4,1.5
Condell,condell,40000000,30000000,60,2780852,1871357,4652209,2743800,1872839,4616639,1.3,0.1,0.8
